<?xml version="1.0" encoding="UTF-8"?>
<project-private xmlns="http://www.netbeans.org/ns/project-private/1">
    <editor-bookmarks xmlns="http://www.netbeans.org/ns/editor-bookmarks/2" lastBookmarkId="0"/>
    <open-files xmlns="http://www.netbeans.org/ns/projectui-open-files/2">
        <group>
            <file>file:/C:/Users/lav96/MPLABXProjects/ECU2.X/adc.h</file>
            <file>file:/C:/Users/lav96/MPLABXProjects/ECU2.X/ecu2_main.c</file>
            <file>file:/C:/Users/lav96/MPLABXProjects/ECU2.X/digital_keypad.c</file>
            <file>file:/C:/Users/lav96/MPLABXProjects/ECU2.X/clcd.h</file>
            <file>file:/C:/Users/lav96/MPLABXProjects/ECU2.X/adc.c</file>
            <file>file:/C:/Users/lav96/MPLABXProjects/ECU2.X/digital_keypad.h</file>
            <file>file:/C:/Users/lav96/MPLABXProjects/ECU2.X/clcd.c</file>
            <file>file:/C:/Users/lav96/MPLABXProjects/ECU2.X/can.c</file>
            <file>file:/C:/Users/lav96/MPLABXProjects/ECU2.X/uart.c</file>
            <file>file:/C:/Users/lav96/MPLABXProjects/ECU2.X/uart.h</file>
            <file>file:/C:/Users/lav96/MPLABXProjects/ECU2.X/ecu2_sensor.c</file>
            <file>file:/C:/Users/lav96/MPLABXProjects/ECU2.X/can.h</file>
            <file>file:/C:/Users/lav96/MPLABXProjects/ECU2.X/msg_id.h</file>
            <file>file:/C:/Users/lav96/MPLABXProjects/ECU2.X/ecu2_sensor.h</file>
        </group>
    </open-files>
</project-private>
